code,status,make,model,variant,year_manufactured,year_registered,body_type,price_rm,mileage_km,grade,engine_cc,transmission,fuel,colour,seats,drivetrain,sunroof,moonroof,power_doors,power_boot,pilot_seats,leather_seats,camera_360,rear_monitor,head_up_display,premium_audio,carplay,adaptive_cruise,showroom_id,state,photos,auction_sheet_url,highlights,description,featured,date_added,sold_date
RH101,Available,Toyota,Alphard,2.5 SC,2021,2024,MPV,238000,32000,4.5,2494,Automatic,Petrol,Pearl White,7,2WD,TRUE,,TRUE,TRUE,TRUE,,,,,TRUE,,TRUE,SR01,Selangor,/photos/alphard.jpg,/sample/auction-sheet.svg,"Pilot seats,Power boot,Sunroof,JBL sound,Digital inner mirror",Clean SC with pilot seats and sunroof. Auction grade 4.5 with interior B. Full inspection done at HQ.,TRUE,2026-09-20,
RH102,Available,Toyota,Alphard,2.5 SC Package,2022,2025,MPV,268000,18000,5,2494,Automatic,Petrol,Pearl White,7,2WD,,TRUE,TRUE,TRUE,TRUE,TRUE,TRUE,,,TRUE,,TRUE,SR02,Johor,/photos/alphard.jpg,/sample/auction-sheet.svg,"Grade 5,Low mileage,Pilot seats,Modellista kit,360 camera","Almost-new Alphard SC Package, grade 5 with only 18,000 km.",TRUE,2026-09-26,
RH103,Reserved,Toyota,Vellfire,2.5 Z G Edition,2021,2024,MPV,228000,28000,4.5,2494,Automatic,Petrol,Pearl White,7,2WD,,TRUE,TRUE,TRUE,TRUE,,,TRUE,,,,TRUE,SR01,Selangor,/photos/vellfire.jpg,/sample/auction-sheet.svg,"Z G Edition,Ottoman seats,Twin sunroof,Rear monitor",Vellfire Z G Edition with ottoman captain seats and twin sunroof.,FALSE,2026-09-15,
RH104,Available,Toyota,Vellfire,2.5 Z,2020,2023,MPV,189000,41000,4,2494,Automatic,Petrol,Black,8,2WD,,,TRUE,,,,,,,,,TRUE,SR03,Penang,/photos/vellfire.jpg,/sample/auction-sheet.svg,"Power doors,Reverse camera,Cruise control",Value Vellfire 2.5 Z. Good daily family MPV.,FALSE,2026-09-10,
RH105,Available,Toyota,Harrier,2.0 Z Leather,2021,2024,SUV,199000,25000,4.5,1986,Automatic,Petrol,Precious Black Pearl,5,2WD,,TRUE,,TRUE,,TRUE,,,,TRUE,,TRUE,SR02,Johor,/photos/harrier.jpg,/sample/auction-sheet.svg,"Leather package,Panoramic roof,JBL sound,Digital mirror",Harrier Z Leather with panoramic roof. The most popular recond SUV in Malaysia.,TRUE,2026-09-24,
RH106,Available,Toyota,Harrier,2.5 Hybrid Z,2022,2025,SUV,238000,15000,5,2487,Automatic,Hybrid,White Pearl,5,AWD,,,,TRUE,,TRUE,TRUE,,TRUE,,,TRUE,SR01,Selangor,/photos/harrier-2.jpg,/sample/auction-sheet.svg,"Hybrid,E-Four AWD,Head-up display,Grade 5",Harrier Hybrid Z E-Four. Excellent fuel economy and grade 5 condition.,FALSE,2026-09-22,
RH107,Available,BMW,530e,M Sport,2021,2024,Sedan,209000,30000,4.5,1998,Automatic,Plug-in Hybrid,Carbon Black,5,2WD,,,,,,TRUE,,,,TRUE,TRUE,TRUE,SR01,Selangor,/photos/bmw-530e.jpg,/sample/auction-sheet.svg,"M Sport package,Plug-in hybrid,Harman Kardon,Adaptive LED",UK-spec 530e M Sport. Low tax plug-in hybrid.,FALSE,2026-09-18,
RH108,Available,Mercedes-Benz,C200,AMG Line,2022,2025,Sedan,219000,17000,4.5,1496,Automatic,Petrol,Obsidian Black,5,2WD,,,,,,,,,,TRUE,TRUE,TRUE,SR03,Penang,/photos/c200.jpg,/sample/auction-sheet.svg,"W206,AMG Line,Burmester,Ambient lighting",New-shape W206 C200 AMG Line in obsidian black.,FALSE,2026-09-19,
RH109,Available,Honda,Civic,Type R FK8,2020,2023,Hatchback,318000,22000,4.5,1996,Manual,Petrol,Championship White,4,2WD,,,,,,,,,,,TRUE,,SR01,Selangor,/photos/civic-type-r.jpg,/sample/auction-sheet.svg,"6-speed manual,Brembo brakes,Recaro seats,Stock condition",Unmodified FK8 Type R in Championship White. Collector grade.,TRUE,2026-09-21,
RH110,Available,Mazda,CX-8,2.5 25S L Package,2020,2023,SUV,139000,38000,4,2488,Automatic,Petrol,Soul Red Crystal,7,2WD,,,,TRUE,,TRUE,TRUE,,,TRUE,TRUE,TRUE,,Perak,/photos/cx8.jpg,/sample/auction-sheet.svg,"7 seater,Bose sound,Nappa leather,360 camera",7-seat CX-8 L Package from a partner AP in Ipoh.,FALSE,2026-09-12,
RH111,Available,Lexus,NX300,F Sport,2020,2023,SUV,209000,35000,4.5,1998,Automatic,Petrol,White Nova,5,AWD,TRUE,,,TRUE,,TRUE,,,TRUE,TRUE,,TRUE,SR01,Selangor,/photos/nx300.jpg,/sample/auction-sheet.svg,"F Sport,Mark Levinson,Sunroof,Head-up display",NX300 F Sport with Mark Levinson audio.,FALSE,2026-09-14,
RH112,Available,Porsche,Macan,2.0,2020,2023,SUV,358000,29000,4.5,1984,Automatic,Petrol,Jet Black,5,AWD,,TRUE,,TRUE,,TRUE,,,,TRUE,TRUE,,SR01,Selangor,/photos/macan.jpg,/sample/auction-sheet.svg,"Sport Chrono,Panoramic roof,BOSE,21-inch wheels",Macan 2.0 with Sport Chrono and panoramic roof.,TRUE,2026-09-23,
RH113,Sold,Toyota,Alphard,2.5 SC,2020,2023,MPV,208000,45000,4,2494,Automatic,Petrol,Black,7,2WD,TRUE,,TRUE,,TRUE,,,,,,,,SR02,Johor,/photos/alphard.jpg,/sample/auction-sheet.svg,"Pilot seats,Sunroof",Sold to a happy family in Johor Bahru.,FALSE,2026-09-01,2026-09-25
RH114,Sold,Honda,Stepwgn,Spada 1.5,2021,2024,MPV,129000,33000,4.5,1496,Automatic,Petrol,White,7,2WD,,,TRUE,,,,,,,,,TRUE,SR03,Penang,/photos/stepwgn.jpg,/sample/auction-sheet.svg,"Waku waku gate,Honda Sensing",Sold.,FALSE,2026-07-20,2026-08-10
RH115,Hidden,Toyota,Crown,2.5 RS Advance,2020,2023,Sedan,169000,40000,4,2487,Automatic,Hybrid,Silver,5,2WD,,,,,,TRUE,,,,,,TRUE,SR01,Selangor,/photos/crown.jpg,,,Awaiting photos.,FALSE,2026-09-27,
RH116,Available,Mini,Cooper S,5-Door,2021,2024,Hatchback,149000,20000,4.5,1998,Automatic,Petrol,British Racing Green,5,2WD,,,,,,,,,TRUE,TRUE,TRUE,,SR03,Penang,/photos/mini.jpg,/sample/auction-sheet.svg,"JCW trim,Harman Kardon,Head-up display",UK import Cooper S 5-door in British Racing Green.,FALSE,2026-09-17,
RH117,Available,Toyota,Hilux,2.8 Z GR Sport,2022,2025,Pickup,169000,21000,4.5,2754,Automatic,Diesel,Attitude Black,5,4WD,,,,,,,TRUE,,,,TRUE,TRUE,SR02,Johor,/photos/hilux.jpg,/sample/auction-sheet.svg,"GR Sport,4x4,Diesel,Rare JDM pickup",Rare JDM Hilux GR Sport. Diesel 4x4.,FALSE,2026-09-16,
RH118,Available,Subaru,WRX S4,2.0 GT-H EX,2021,2024,Sedan,189000,24000,4.5,1998,Automatic,Petrol,WR Blue Pearl,5,AWD,,,,,,,,,TRUE,,TRUE,TRUE,SR03,Penang,/photos/wrx.jpg,/sample/auction-sheet.svg,"EyeSight X,Symmetrical AWD,Recaro seats",WRX S4 GT-H EX with EyeSight X.,FALSE,2026-09-11,
RH119,Available,Toyota,GR86,2.4 RZ,2022,2025,Coupe,239000,12000,5,2387,Manual,Petrol,Spark Red,4,2WD,,,,,,,,,,,TRUE,TRUE,SR01,Selangor,/photos/gr86.jpg,/sample/auction-sheet.svg,"6-speed manual,Grade 5,Low mileage,Torsen LSD","GR86 RZ manual. Grade 5 with only 12,000 km.",TRUE,2026-09-25,
RH120,Available,Nissan,Serena,e-Power Highway Star V,2021,2024,MPV,139000,26000,4.5,1198,Automatic,Hybrid,Brilliant White Pearl,8,2WD,,,TRUE,,,,TRUE,,,,,TRUE,SR03,Penang,/photos/serena.jpg,/sample/auction-sheet.svg,"e-Power,ProPilot,Twin power doors",Serena e-Power Highway Star V with ProPilot.,FALSE,2026-09-13,
